#,Contract,contract_link,txn,tnx_link,Status,startBlock
1,0x7ceb23fd6bc0add59e62ac25578270cff1b9f619,https://polygonscan.com/address/0x7ceb23fd6bc0add59e62ac25578270cff1b9f619,0x67e0374acc7b605f5a1490aefd23da225fe9bd5513d905989eee271931de946f,https://polygonscan.com/tx/0x67e0374acc7b605f5a1490aefd23da225fe9bd5513d905989eee271931de946f,Success,3678215
2,0x3BA4c387f786bFEE076A58914F5Bd38d668B42c3,https://polygonscan.com/address/0x3BA4c387f786bFEE076A58914F5Bd38d668B42c3,0xc0a310727e31c9b1e5fcf41144b4bf915435fd7c2a46e576caaa3353e5029ea8,https://polygonscan.com/tx/0xc0a310727e31c9b1e5fcf41144b4bf915435fd7c2a46e576caaa3353e5029ea8,Success,15427667
3,0xc2132d05d31c914a87c6611c10748aeb04b58e8f,https://polygonscan.com/address/0xc2132d05d31c914a87c6611c10748aeb04b58e8f,0xa914744cbbf5b84af4ac19bf0b2cba86d961f52ce06ff65db62d89f450e00671,https://polygonscan.com/tx/0xa914744cbbf5b84af4ac19bf0b2cba86d961f52ce06ff65db62d89f450e00671,Success,4196335
4,0x2791bca1f2de4661ed88a30c99a7a9449aa84174,https://polygonscan.com/address/0x2791bca1f2de4661ed88a30c99a7a9449aa84174,0x51103659d8827d6d24732d1168de73390f4f387d58a8281944241657f1bc61d7,https://polygonscan.com/tx/0x51103659d8827d6d24732d1168de73390f4f387d58a8281944241657f1bc61d7,Success,5013591
5,0xb33eaad8d922b1083446dc23f610c2567fb5180f,https://polygonscan.com/address/0xb33eaad8d922b1083446dc23f610c2567fb5180f,0x9fd6172b173e744d81630306daa41c39bea1e44b0de0ae3c6999fb93bbd3e0ad,https://polygonscan.com/tx/0x9fd6172b173e744d81630306daa41c39bea1e44b0de0ae3c6999fb93bbd3e0ad,Success,5514730
6,0x53e0bca35ec356bd5dddfebbd1fc0fd03fabad39,https://polygonscan.com/address/0x53e0bca35ec356bd5dddfebbd1fc0fd03fabad39,0x3ace8da1089bd633dc19ae98723bac91ac537d693642a03a489322c9e64b8935,https://polygonscan.com/tx/0x3ace8da1089bd633dc19ae98723bac91ac537d693642a03a489322c9e64b8935,Success,3835428
7,0xdab529f40e671a1d4bf91361c21bf9f0c9712ab7,https://polygonscan.com/address/0xdab529f40e671a1d4bf91361c21bf9f0c9712ab7,0xf47ecff8cf0966a80ed608d595d9d3731e4e4d2c12d3eb4e4e0e399da9f74361,https://polygonscan.com/tx/0xf47ecff8cf0966a80ed608d595d9d3731e4e4d2c12d3eb4e4e0e399da9f74361,Success,4196345
8,0x1bfd67037b42cf73acf2047067bd4f2c47d9bfd6,https://polygonscan.com/address/0x1bfd67037b42cf73acf2047067bd4f2c47d9bfd6,0x8057d693a2d9de91857e002c5ccd026182e40eb8acb15adee0b84127ef3cf10e,https://polygonscan.com/tx/0x8057d693a2d9de91857e002c5ccd026182e40eb8acb15adee0b84127ef3cf10e,Success,4196820
9,0xb46e0ae620efd98516f49bb00263317096c114b2,https://polygonscan.com/address/0xb46e0ae620efd98516f49bb00263317096c114b2,0xf4417119be081ed6af1b13c63e351ff9942471155e8840ee41a7216d510ad6bb,https://polygonscan.com/tx/0xf4417119be081ed6af1b13c63e351ff9942471155e8840ee41a7216d510ad6bb,Success,11745904
10,0x8f3cf7ad23cd3cadbd9735aff958023239c6a063,https://polygonscan.com/address/0x8f3cf7ad23cd3cadbd9735aff958023239c6a063,0x0c104ae938f9ee9e113626e80c5d8c11270851d05c2f829332cd68a9f53bbb44,https://polygonscan.com/tx/0x0c104ae938f9ee9e113626e80c5d8c11270851d05c2f829332cd68a9f53bbb44,Success,4362007
11,0xd6df932a45c0f255f85145f286ea0b292b21c90b,https://polygonscan.com/address/0xd6df932a45c0f255f85145f286ea0b292b21c90b,0xdfb8453b301ff22875daef7200aba5aea1ef3244b8c43437bf31c2ea8cd87ec0,https://polygonscan.com/tx/0xdfb8453b301ff22875daef7200aba5aea1ef3244b8c43437bf31c2ea8cd87ec0,Success,11666003
12,0x5fe2b58c013d7601147dcdd68c143a77499f5531,https://polygonscan.com/address/0x5fe2b58c013d7601147dcdd68c143a77499f5531,0x59017b0e867326ef1a5b63c3ed965a8879bca024472bf473a656b8174792afad,https://polygonscan.com/tx/0x59017b0e867326ef1a5b63c3ed965a8879bca024472bf473a656b8174792afad,Success,11336123
13,0xada58df0f643d959c2a47c9d4d4c1a4defe3f11c,https://polygonscan.com/address/0xada58df0f643d959c2a47c9d4d4c1a4defe3f11c,0xe621e454c6a59e3295137e51d51c12246ddf51f2c2e982857655b6c6d6e537c1,https://polygonscan.com/tx/0xe621e454c6a59e3295137e51d51c12246ddf51f2c2e982857655b6c6d6e537c1,Success,14862888
14,0xc9c1c1c20b3658f8787cc2fd702267791f224ce1,https://polygonscan.com/address/0xc9c1c1c20b3658f8787cc2fd702267791f224ce1,0xad4eec259742c3821eae07ff764d400b6d8816845e0ba9e64b5e9beb019c0852,https://polygonscan.com/tx/0xad4eec259742c3821eae07ff764d400b6d8816845e0ba9e64b5e9beb019c0852,Success,11666251
15,0x6f7C932e7684666C9fd1d44527765433e01fF61d,https://polygonscan.com/address/0x6f7C932e7684666C9fd1d44527765433e01fF61d,0x63b7f73ab935fa730f714171961258f92e4aa0208e4321928990d71c13aec513,https://polygonscan.com/tx/0x63b7f73ab935fa730f714171961258f92e4aa0208e4321928990d71c13aec513,Success,12032628
16,0x0621d647cecbfb64b79e44302c1933cb4f27054d,https://polygonscan.com/address/0x0621d647cecbfb64b79e44302c1933cb4f27054d,0x2c1d29ea45d18e4fbe154073ffe63e8655f6555ad700cc26b2878bc8caa683ed,https://polygonscan.com/tx/0x2c1d29ea45d18e4fbe154073ffe63e8655f6555ad700cc26b2878bc8caa683ed,Success,9778738
17,0x06d02e9d62a13fc76bb229373fb3bbbd1101d2fc,https://polygonscan.com/address/0x06d02e9d62a13fc76bb229373fb3bbbd1101d2fc,0xc8f657bc052feb87c1c1ed8f76365dcdfd93363f064315a8e634da22da0ea28a,https://polygonscan.com/tx/0xc8f657bc052feb87c1c1ed8f76365dcdfd93363f064315a8e634da22da0ea28a,Success,14283051
18,0xfad65eb62a97ff5ed91b23afd039956aaca6e93b,https://polygonscan.com/address/0xfad65eb62a97ff5ed91b23afd039956aaca6e93b,0xffab13afb9bc0fa0c1ee8df7cad8c751e6ee28bed48bf988b995ff8288ac4b8b,https://polygonscan.com/tx/0xffab13afb9bc0fa0c1ee8df7cad8c751e6ee28bed48bf988b995ff8288ac4b8b,Success,15732705
19,0x8505b9d2254a7ae468c0e9dd10ccea3a837aef5c,https://polygonscan.com/address/0x8505b9d2254a7ae468c0e9dd10ccea3a837aef5c,0x76927ddbe75fab8684ddfc315d8f64cb4c0472dbbfe20a72380d36380d77c932,https://polygonscan.com/tx/0x76927ddbe75fab8684ddfc315d8f64cb4c0472dbbfe20a72380d36380d77c932,Success,4196299
20,0x0b3f868e0be5597d5db7feb59e1cadbb0fdda50a,https://polygonscan.com/address/0x0b3f868e0be5597d5db7feb59e1cadbb0fdda50a,0x6a299a4994dfbc74c841cc2ece6d7b9dfeb26943fdf2b994a7fb29ec8d4f5712,https://polygonscan.com/tx/0x6a299a4994dfbc74c841cc2ece6d7b9dfeb26943fdf2b994a7fb29ec8d4f5712,Success,10461221
21,0xd85d1e945766fea5eda9103f918bd915fbca63e6,https://polygonscan.com/address/0xd85d1e945766fea5eda9103f918bd915fbca63e6,0x31d47842d6a52f8dab8a391affcf5560b7b11ce0d1ef54791df4a924e9c069ae,https://polygonscan.com/tx/0x31d47842d6a52f8dab8a391affcf5560b7b11ce0d1ef54791df4a924e9c069ae,Success,9778661
22,0x692597b009d13c4049a947cab2239b7d6517875f,https://polygonscan.com/address/0x692597b009d13c4049a947cab2239b7d6517875f,0x02ed4aa60a938262d8fa5949158a9ee75691b9bfbe042ce048dca32b2055c996,https://polygonscan.com/tx/0x02ed4aa60a938262d8fa5949158a9ee75691b9bfbe042ce048dca32b2055c996,Success,14066936
23,0x0c51f415cf478f8d08c246a6c6ee180c5dc3a012,https://polygonscan.com/address/0x0c51f415cf478f8d08c246a6c6ee180c5dc3a012,0x4782193f9e585f784f69c762bd6ce5a3c32eedf7b39f873be07ecb5018e8a703,https://polygonscan.com/tx/0x4782193f9e585f784f69c762bd6ce5a3c32eedf7b39f873be07ecb5018e8a703,Success,12312580
24,0xf1938ce12400f9a761084e7a80d37e732a4da056,https://polygonscan.com/address/0xf1938ce12400f9a761084e7a80d37e732a4da056,0x3b3541e1bb89fee515f174289dff3b3de26dded6e11ab24032b672ad6a8e0236,https://polygonscan.com/tx/0x3b3541e1bb89fee515f174289dff3b3de26dded6e11ab24032b672ad6a8e0236,Success,12312288
25,0x50b728d8d964fd00c2d0aad81718b71311fef68a,https://polygonscan.com/address/0x50b728d8d964fd00c2d0aad81718b71311fef68a,0x99168753a0f941b95099b38892aaebc189f5e519cf7c072af4171dedb59385be,https://polygonscan.com/tx/0x99168753a0f941b95099b38892aaebc189f5e519cf7c072af4171dedb59385be,Success,11471284
26,0x7ec26842f195c852fa843bb9f6d8b583a274a157,https://polygonscan.com/address/0x7ec26842f195c852fa843bb9f6d8b583a274a157,0xc0df6ce7342be9d009b85a13607f151252415f287215d2307ba0dc90b50d7567,https://polygonscan.com/tx/0xc0df6ce7342be9d009b85a13607f151252415f287215d2307ba0dc90b50d7567,Success,14027697
27,0xda537104d6a5edd53c6fbba9a898708e465260b6,https://polygonscan.com/address/0xda537104d6a5edd53c6fbba9a898708e465260b6,0x618ffe42e6c1dcbb290d5738ba442b32e13fff648c3b8953a370afe3abd93845,https://polygonscan.com/tx/0x618ffe42e6c1dcbb290d5738ba442b32e13fff648c3b8953a370afe3abd93845,Success,4196323
28,0x3cef98bb43d732e2f285ee605a8158cde967d219,https://polygonscan.com/address/0x3cef98bb43d732e2f285ee605a8158cde967d219,0x664a35f4d94e024db2cc220fc74df900f94c960ee702e10a4ca5c2586d950519,https://polygonscan.com/tx/0x664a35f4d94e024db2cc220fc74df900f94c960ee702e10a4ca5c2586d950519,Success,11336239
29,0xa1c57f48f0deb89f569dfbe6e2b7f46d33606fd4,https://polygonscan.com/address/0xa1c57f48f0deb89f569dfbe6e2b7f46d33606fd4,0x9653d8e64b5af0abb6f9c02317cdaa012b63d63a10a50e21320142c289846ec1,https://polygonscan.com/tx/0x9653d8e64b5af0abb6f9c02317cdaa012b63d63a10a50e21320142c289846ec1,Success,4196353
30,0x2e1ad108ff1d8c782fcbbb89aad783ac49586756,https://polygonscan.com/address/0x2e1ad108ff1d8c782fcbbb89aad783ac49586756,0x1b719639aad53f7603a2f583577424bf53be221c0e9aa061c5e7439de0f5060f,https://polygonscan.com/tx/0x1b719639aad53f7603a2f583577424bf53be221c0e9aa061c5e7439de0f5060f,Success,14389937
31,0xdf7837de1f2fa4631d716cf2502f8b230f1dcc32,https://polygonscan.com/address/0xdf7837de1f2fa4631d716cf2502f8b230f1dcc32,0xc7c3dd8563ee1a1ad0e51d00bec9e71c09f05f7ad6883a67295ea91cffd332b4,https://polygonscan.com/tx/0xc7c3dd8563ee1a1ad0e51d00bec9e71c09f05f7ad6883a67295ea91cffd332b4,Success,11264036
32,0x62414d03084eeb269e18c970a21f45d2967f0170,https://polygonscan.com/address/0x62414d03084eeb269e18c970a21f45d2967f0170,0x6432f9af47a30fde20c684fde8f602039b65c8af6ddb708551c1d5c548b97c7b,https://polygonscan.com/tx/0x6432f9af47a30fde20c684fde8f602039b65c8af6ddb708551c1d5c548b97c7b,Success,11336173
33,0x41b3966b4ff7b427969ddf5da3627d6aeae9a48e,https://polygonscan.com/address/0x41b3966b4ff7b427969ddf5da3627d6aeae9a48e,0x9aec2c2ef29499e7cf3b289fa94b725ae68c16c58f9fbfb2584de6bc981b3aed,https://polygonscan.com/tx/0x9aec2c2ef29499e7cf3b289fa94b725ae68c16c58f9fbfb2584de6bc981b3aed,Success,13340651
34,0xc26d47d5c33ac71ac5cf9f776d63ba292a4f7842,https://polygonscan.com/address/0xc26d47d5c33ac71ac5cf9f776d63ba292a4f7842,0x18f5a78c6c63dafc60a7e6d55363f1bafbfe443ddcc98b44b1a715ab9f69f323,https://polygonscan.com/tx/0x18f5a78c6c63dafc60a7e6d55363f1bafbfe443ddcc98b44b1a715ab9f69f323,Success,11460926
35,0x5559edb74751a0ede9dea4dc23aee72cca6be3d5,https://polygonscan.com/address/0x5559edb74751a0ede9dea4dc23aee72cca6be3d5,0x56f7b75151848edde86d84624b6ef07605d1a1bfbe64961326135886e6179ce2,https://polygonscan.com/tx/0x56f7b75151848edde86d84624b6ef07605d1a1bfbe64961326135886e6179ce2,Success,14389894
36,0x172370d5cd63279efa6d502dab29171933a610af,https://polygonscan.com/address/0x172370d5cd63279efa6d502dab29171933a610af,0xd404ea7607eb4ce2d1adad1fbb9226eddf363afdf6c5eb897caba0c80cee96e0,https://polygonscan.com/tx/0xd404ea7607eb4ce2d1adad1fbb9226eddf363afdf6c5eb897caba0c80cee96e0,Success,11828257
37,0x6f3b3286fd86d8b47ec737ceb3d0d354cc657b3e,https://polygonscan.com/address/0x6f3b3286fd86d8b47ec737ceb3d0d354cc657b3e,0x438cbb6aaf9b58171f460690945453202b4177e9cf332d1e2f4eae96acd5be40,https://polygonscan.com/tx/0x438cbb6aaf9b58171f460690945453202b4177e9cf332d1e2f4eae96acd5be40,Success,14390038
38,0x3066818837c5e6ed6601bd5a91b0762877a6b731,https://polygonscan.com/address/0x3066818837c5e6ed6601bd5a91b0762877a6b731,0xa5c550d968d478db88b93a8d717bf7c5b88445fc410603cfdb1356b4ea697a56,https://polygonscan.com/tx/0xa5c550d968d478db88b93a8d717bf7c5b88445fc410603cfdb1356b4ea697a56,Success,16081906
39,0xc6d54d2f624bc83815b49d9c2203b1330b841ca0,https://polygonscan.com/address/0xc6d54d2f624bc83815b49d9c2203b1330b841ca0,0x4dc2625a2e3cf942790847dccf4021cc6a9abe0e86268998f74519b8507163f9,https://polygonscan.com/tx/0x4dc2625a2e3cf942790847dccf4021cc6a9abe0e86268998f74519b8507163f9,Success,13169798
40,0x67ce67ec4fcd4aca0fcb738dd080b2a21ff69d75,https://polygonscan.com/address/0x67ce67ec4fcd4aca0fcb738dd080b2a21ff69d75,0xa32822ab0b964fcb0815732b5698b7b637b93c89dd16561d0e7dc0a1a92aae30,https://polygonscan.com/tx/0xa32822ab0b964fcb0815732b5698b7b637b93c89dd16561d0e7dc0a1a92aae30,Success,11252850
41,0xdbf31df14b66535af65aac99c32e9ea844e14501,https://polygonscan.com/address/0xdbf31df14b66535af65aac99c32e9ea844e14501,0xa50c0f3a18f581401cc33a861c437c3dad86a0febb29393811d0e2453fad7130,https://polygonscan.com/tx/0xa50c0f3a18f581401cc33a861c437c3dad86a0febb29393811d0e2453fad7130,Success,14937166
42,0xf6372cdb9c1d3674e83842e3800f2a62ac9f3c66,https://polygonscan.com/address/0xf6372cdb9c1d3674e83842e3800f2a62ac9f3c66,0xa63d0ea181e02834939b5a01001a6afdd1c27b2b974d97993ffa22c483350d00,https://polygonscan.com/tx/0xa63d0ea181e02834939b5a01001a6afdd1c27b2b974d97993ffa22c483350d00,Success,14592665
43,0x6abb753c1893194de4a83c6e8b4eadfc105fd5f5,https://polygonscan.com/address/0x6abb753c1893194de4a83c6e8b4eadfc105fd5f5,0x31f4e108c32bf03dc65b9a24a135276269efd3d4726f8f68bb5803e36c1d5a8b,https://polygonscan.com/tx/0x31f4e108c32bf03dc65b9a24a135276269efd3d4726f8f68bb5803e36c1d5a8b,Success,11336599
44,0x9c2c5fd7b07e95ee044ddeba0e97a665f142394f,https://polygonscan.com/address/0x9c2c5fd7b07e95ee044ddeba0e97a665f142394f,0xc3ad2cb8059a1b0156dd3ea4acaa5aef06ecfcae04e135963f07373d9ea69d7a,https://polygonscan.com/tx/0xc3ad2cb8059a1b0156dd3ea4acaa5aef06ecfcae04e135963f07373d9ea69d7a,Success,11253617
45,0x84e1670f61347cdaed56dcc736fb990fbb47ddc1,https://polygonscan.com/address/0x84e1670f61347cdaed56dcc736fb990fbb47ddc1,0x711c1d222336a45bae42a36edc53ef251e8ae0f312af5645bb809943aabd17ac,https://polygonscan.com/tx/0x711c1d222336a45bae42a36edc53ef251e8ae0f312af5645bb809943aabd17ac,Success,13865450
46,0x282d8efce846a88b159800bd4130ad77443fa1a1,https://polygonscan.com/address/0x282d8efce846a88b159800bd4130ad77443fa1a1,0x1e5fdbaaa19b4306d2896e3daeb8b2830883c6ee9554ddc47e8a3010cc41f581,https://polygonscan.com/tx/0x1e5fdbaaa19b4306d2896e3daeb8b2830883c6ee9554ddc47e8a3010cc41f581,Success,10588332
47,0x0b220b82f3ea3b7f6d9a1d8ab58930c064a2b5bf,https://polygonscan.com/address/0x0b220b82f3ea3b7f6d9a1d8ab58930c064a2b5bf,0x86284401eca50ef12d81e1302c82347782fae87bba79508590ec53bc4d7d1c8a,https://polygonscan.com/tx/0x86284401eca50ef12d81e1302c82347782fae87bba79508590ec53bc4d7d1c8a,Success,14671719
48,0x3962f4a0a0051dcce0be73a7e09cef5756736712,https://polygonscan.com/address/0x3962f4a0a0051dcce0be73a7e09cef5756736712,0x1a32a86c63ad02fe86311ce64d5c3715d81d0c03c7092bd6d8594cbff4b2256c,https://polygonscan.com/tx/0x1a32a86c63ad02fe86311ce64d5c3715d81d0c03c7092bd6d8594cbff4b2256c,Success,13906449
49,0x43e4b063f96c33f0433863a927f5bad34bb4b03d,https://polygonscan.com/address/0x43e4b063f96c33f0433863a927f5bad34bb4b03d,0x5e55ccb9e6f0e151f563c986dffc871263f59387081d61d31807738a4489d33c,https://polygonscan.com/tx/0x5e55ccb9e6f0e151f563c986dffc871263f59387081d61d31807738a4489d33c,Success,11745770
50,0x7fbc10850cae055b27039af31bd258430e714c62,https://polygonscan.com/address/0x7fbc10850cae055b27039af31bd258430e714c62,0x9d4c2b9f9923ebbcfe2f91348f95b840bb772392245061b9f469622793f4a61b,https://polygonscan.com/tx/0x9d4c2b9f9923ebbcfe2f91348f95b840bb772392245061b9f469622793f4a61b,Success,11252179
51,0xa63beffd33ab3a2efd92a39a7d2361cee14ceba8,https://polygonscan.com/address/0xa63beffd33ab3a2efd92a39a7d2361cee14ceba8,0x7f6f8f3eac83feaa698856cdc5f03125022ba98ff9af3471308461e227d6f194,https://polygonscan.com/tx/0x7f6f8f3eac83feaa698856cdc5f03125022ba98ff9af3471308461e227d6f194,Success,11666312
52,0x7583feddbcefa813dc18259940f76a02710a8905,https://polygonscan.com/address/0x7583feddbcefa813dc18259940f76a02710a8905,0x87577c105a64bc436dd04ee9374e6c03c4f2009239c87e2678a6cba0f8f996d0,https://polygonscan.com/tx/0x87577c105a64bc436dd04ee9374e6c03c4f2009239c87e2678a6cba0f8f996d0,Success,15144852
53,0x2088c47fc0c78356c622f79dba4cbe1ccfa84a91,https://polygonscan.com/address/0x2088c47fc0c78356c622f79dba4cbe1ccfa84a91,0x2aa496ad442e7b2ab08b73091225f6a84d0ca9e43cd706c4ecbffd934f09bf6d,https://polygonscan.com/tx/0x2aa496ad442e7b2ab08b73091225f6a84d0ca9e43cd706c4ecbffd934f09bf6d,Success,15732107
54,0x5ffd62d3c3ee2e81c00a7b9079fb248e7df024a8,https://polygonscan.com/address/0x5ffd62d3c3ee2e81c00a7b9079fb248e7df024a8,0xe93412278ac0c1b147aa221725c771fafa93021fcdc259f5eecf3dca78ebeacc,https://polygonscan.com/tx/0xe93412278ac0c1b147aa221725c771fafa93021fcdc259f5eecf3dca78ebeacc,Success,11471146
55,0x4e8dc2149eac3f3def36b1c281ea466338249371,https://polygonscan.com/address/0x4e8dc2149eac3f3def36b1c281ea466338249371,0x58652a48b9a4410d97bed54f51ccedf2910ca75685f01ebd3027bd4819ba6d56,https://polygonscan.com/tx/0x58652a48b9a4410d97bed54f51ccedf2910ca75685f01ebd3027bd4819ba6d56,Success,11745946
56,0x6bf2eb299e51fc5df30dec81d9445dde70e3f185,https://polygonscan.com/address/0x6bf2eb299e51fc5df30dec81d9445dde70e3f185,0x16cbeb215ea4802199137ae4a133e07c5f404781f039e23280a5a408efbc8b55,https://polygonscan.com/tx/0x16cbeb215ea4802199137ae4a133e07c5f404781f039e23280a5a408efbc8b55,Success,14862775
57,0x1b815d120b3ef02039ee11dc2d33de7aa4a8c603,https://polygonscan.com/address/0x1b815d120b3ef02039ee11dc2d33de7aa4a8c603,0x96176c18cf38dbefbe86b9e1c7a4ad2412b972b1e1b7f1b9c1e80e67c4e97d56,https://polygonscan.com/tx/0x96176c18cf38dbefbe86b9e1c7a4ad2412b972b1e1b7f1b9c1e80e67c4e97d56,Success,13046407
58,0xbe662058e00849c3eef2ac9664f37fefdf2cdbfe,https://polygonscan.com/address/0xbe662058e00849c3eef2ac9664f37fefdf2cdbfe,0x74b315843f2e90965dd94d8c85fe1001043702b89c5910526ffae5025b27cfda,https://polygonscan.com/tx/0x74b315843f2e90965dd94d8c85fe1001043702b89c5910526ffae5025b27cfda,Success,14471575
59,0x2b9e7ccdf0f4e5b24757c1e1a80e311e34cb10c7,https://polygonscan.com/address/0x2b9e7ccdf0f4e5b24757c1e1a80e311e34cb10c7,0x14a619af3ae8341bf6f1066ac90bfe36e0c75b047960a278b3c71b986102fe18,https://polygonscan.com/tx/0x14a619af3ae8341bf6f1066ac90bfe36e0c75b047960a278b3c71b986102fe18,Success,16273508
60,0xa8b1e0764f85f53dfe21760e8afe5446d82606ac,https://polygonscan.com/address/0xa8b1e0764f85f53dfe21760e8afe5446d82606ac,0xa9b38a2dbacf20cf995ae7d1d55df9e76ad64a8a1d42a40909d184ee3bc3237b,https://polygonscan.com/tx/0xa9b38a2dbacf20cf995ae7d1d55df9e76ad64a8a1d42a40909d184ee3bc3237b,Success,11666219
61,0x9a71012b13ca4d3d0cdc72a177df3ef03b0e76a3,https://polygonscan.com/address/0x9a71012b13ca4d3d0cdc72a177df3ef03b0e76a3,0x05f37df0c1fef480bff9c5e6b29446071d8011c9365229647f56ca37d719fb36,https://polygonscan.com/tx/0x05f37df0c1fef480bff9c5e6b29446071d8011c9365229647f56ca37d719fb36,Success,14390111
62,0x7205705771547cf79201111b4bd8aaf29467b9ec,https://polygonscan.com/address/0x7205705771547cf79201111b4bd8aaf29467b9ec,0x91cdd3e8c1fe81ce47118800513c87a0680791e8c4b747baa0ded7cd0f5984ab,https://polygonscan.com/tx/0x91cdd3e8c1fe81ce47118800513c87a0680791e8c4b747baa0ded7cd0f5984ab,Success,13256472
63,0x614389eaae0a6821dc49062d56bda3d9d45fa2ff,https://polygonscan.com/address/0x614389eaae0a6821dc49062d56bda3d9d45fa2ff,0xf9336f5c554dd1313f08ae56276d0edbf4295288161fb755c1072cb8952a338c,https://polygonscan.com/tx/0xf9336f5c554dd1313f08ae56276d0edbf4295288161fb755c1072cb8952a338c,Success,14283390
64,0x553d3d295e0f695b9228246232edf400ed3560b5,https://polygonscan.com/address/0x553d3d295e0f695b9228246232edf400ed3560b5,0xded34220ab58ede4c939cf6817d99ead3a0fc2ed9d94252c4c14570679e4bd28,https://polygonscan.com/tx/0xded34220ab58ede4c939cf6817d99ead3a0fc2ed9d94252c4c14570679e4bd28,Success,11471094
65,0xf81b4bec6ca8f9fe7be01ca734f55b2b6e03a7a0,https://polygonscan.com/address/0xf81b4bec6ca8f9fe7be01ca734f55b2b6e03a7a0,0x53cb20cbedb5d03270f3cdf11bdc145537a6b75266f00308b32c0141367cd457,https://polygonscan.com/tx/0x53cb20cbedb5d03270f3cdf11bdc145537a6b75266f00308b32c0141367cd457,Success,16237953
66,0x9880e3dda13c8e7d4804691a45160102d31f6060,https://polygonscan.com/address/0x9880e3dda13c8e7d4804691a45160102d31f6060,0xdc33e6fee93aeef27d2e1cbc2d229d8c334a027d27a15a5a909cb209255dbed7,https://polygonscan.com/tx/0xdc33e6fee93aeef27d2e1cbc2d229d8c334a027d27a15a5a909cb209255dbed7,Success,15270021
67,0xcb059c5573646047d6d88dddb87b745c18161d3b,https://polygonscan.com/address/0xcb059c5573646047d6d88dddb87b745c18161d3b,0x474fa2502e4410e4d0d632109f791c9cf1fc3c88d94a26924eee830a5cdd7897,https://polygonscan.com/tx/0x474fa2502e4410e4d0d632109f791c9cf1fc3c88d94a26924eee830a5cdd7897,Success,15427887
68,0x42f37a1296b2981f7c3caced84c5096b2eb0c72c,https://polygonscan.com/address/0x42f37a1296b2981f7c3caced84c5096b2eb0c72c,0xd489461fb18bc873a802e776cfe565a2f39eb80f2c868814e029cfaee1f68325,https://polygonscan.com/tx/0xd489461fb18bc873a802e776cfe565a2f39eb80f2c868814e029cfaee1f68325,Success,11460147
69,0x1c954e8fe737f99f68fa1ccda3e51ebdb291948c,https://polygonscan.com/address/0x1c954e8fe737f99f68fa1ccda3e51ebdb291948c,0xd43da05e12d53bfcd3f31edda2cf82943c3e423ea55ed25a5ad044b5d02de2ae,https://polygonscan.com/tx/0xd43da05e12d53bfcd3f31edda2cf82943c3e423ea55ed25a5ad044b5d02de2ae,Success,15428391
70,0x313d009888329c9d1cf4f75ca3f32566335bd604,https://polygonscan.com/address/0x313d009888329c9d1cf4f75ca3f32566335bd604,0x6289292c8559184bad81ca6c7862167dbfda9fdf0349ec8815092dbc20f0bd1d,https://polygonscan.com/tx/0x6289292c8559184bad81ca6c7862167dbfda9fdf0349ec8815092dbc20f0bd1d,Success,4196311
71,0xc8a94a3d3d2dabc3c1caffffdca6a7543c3e3e65,https://polygonscan.com/address/0xc8a94a3d3d2dabc3c1caffffdca6a7543c3e3e65,0x7b351d294845e55be68dd68d47661a80e6076a6bc2116ef30625a5836c384f0b,https://polygonscan.com/tx/0x7b351d294845e55be68dd68d47661a80e6076a6bc2116ef30625a5836c384f0b,Success,14389981
72,0x831753dd7087cac61ab5644b308642cc1c33dc13,https://polygonscan.com/address/0x831753dd7087cac61ab5644b308642cc1c33dc13,0x82578676bac77e6f5dd5fb02e401f359007ed14ccc1569aa4adf9f8f412afe1f,https://polygonscan.com/tx/0x82578676bac77e6f5dd5fb02e401f359007ed14ccc1569aa4adf9f8f412afe1f,Success,5486521
73,0x61299774020da444af134c82fa83e3810b309991,https://polygonscan.com/address/0x61299774020da444af134c82fa83e3810b309991,0x0fda37ded196d48af264ce76611073f1d0eed8602811899d377368b5ba63e45c,https://polygonscan.com/tx/0x0fda37ded196d48af264ce76611073f1d0eed8602811899d377368b5ba63e45c,Success,11897523
74,0xb9638272ad6998708de56bbc0a290a1de534a578,https://polygonscan.com/address/0xb9638272ad6998708de56bbc0a290a1de534a578,0x098d2c978ea8036ff2a297763174ccff4d2e59324eb78277eba7a1aacf77d74d,https://polygonscan.com/tx/0x098d2c978ea8036ff2a297763174ccff4d2e59324eb78277eba7a1aacf77d74d,Success,12312227
75,0x0aab8dc887d34f00d50e19aee48371a941390d14,https://polygonscan.com/address/0x0aab8dc887d34f00d50e19aee48371a941390d14,0x87dbbbfc31340e750eed60188335162e1de1cb7c4680d08171ce31e33e830c20,https://polygonscan.com/tx/0x87dbbbfc31340e750eed60188335162e1de1cb7c4680d08171ce31e33e830c20,Success,14026472
76,0x190eb8a183d22a4bdf278c6791b152228857c033,https://polygonscan.com/address/0x190eb8a183d22a4bdf278c6791b152228857c033,0x9c828f7705e6c1b3f01ba97f5351a17fac533fb5403407881ecb0d1a6836c89c,https://polygonscan.com/tx/0x9c828f7705e6c1b3f01ba97f5351a17fac533fb5403407881ecb0d1a6836c89c,Success,16628503
77,0xc4e82ba0fe6763cbe5e9cbca0ba7cbd6f91c6018,https://polygonscan.com/address/0xc4e82ba0fe6763cbe5e9cbca0ba7cbd6f91c6018,0xaee92bf8305653f027ad55cd8966186c00b61232f0941dd18835ede8366c4c17,https://polygonscan.com/tx/0xaee92bf8305653f027ad55cd8966186c00b61232f0941dd18835ede8366c4c17,Success,14107916
78,0xdb95f9188479575f3f718a245eca1b3bf74567ec,https://polygonscan.com/address/0xdb95f9188479575f3f718a245eca1b3bf74567ec,0x372ee923dd3c90db55017a0185fdb5a5f311bf76a12113adc60438be3ae93799,https://polygonscan.com/tx/0x372ee923dd3c90db55017a0185fdb5a5f311bf76a12113adc60438be3ae93799,Success,15270074
79,0x5ecba59dacc1adc5bdea35f38a732823fc3de977,https://polygonscan.com/address/0x5ecba59dacc1adc5bdea35f38a732823fc3de977,0x559da9b0586c34c203d1917482035116bec7ca6352a0d8d12d7f303e69b109c9,https://polygonscan.com/tx/0x559da9b0586c34c203d1917482035116bec7ca6352a0d8d12d7f303e69b109c9,Success,14027346
80,0x66d7fdcc7403f18cae9b0e2e8385649d2acbc12a,https://polygonscan.com/address/0x66d7fdcc7403f18cae9b0e2e8385649d2acbc12a,0xe58ea48010d01c55bfddfb6af7a933092e8ca3a81ea2c1ce9eaf763c0de77331,https://polygonscan.com/tx/0xe58ea48010d01c55bfddfb6af7a933092e8ca3a81ea2c1ce9eaf763c0de77331,Success,13906696
81,0xe6e320b7bb22018d6ca1f4d8cea1365ef5d25ced,https://polygonscan.com/address/0xe6e320b7bb22018d6ca1f4d8cea1365ef5d25ced,0xbb945a87bc3e47a44cd4494bb09f2e9646cba330a37b8c296974cef66f5dca85,https://polygonscan.com/tx/0xbb945a87bc3e47a44cd4494bb09f2e9646cba330a37b8c296974cef66f5dca85,Success,14863210
82,0xd2507e7b5794179380673870d88b22f94da6abe0,https://polygonscan.com/address/0xd2507e7b5794179380673870d88b22f94da6abe0,0xdafd9c74324089fb883ef846f2a5b917825f1ebafcf9fc1adec841a7be6fc003,https://polygonscan.com/tx/0xdafd9c74324089fb883ef846f2a5b917825f1ebafcf9fc1adec841a7be6fc003,Success,15310729
83,0x780053837ce2ceead2a90d9151aa21fc89ed49c2,https://polygonscan.com/address/0x780053837ce2ceead2a90d9151aa21fc89ed49c2,0x31aa53ce4cf2290271257ab8a8df74256b31a12ef571775fdf987784e2f719f5,https://polygonscan.com/tx/0x31aa53ce4cf2290271257ab8a8df74256b31a12ef571775fdf987784e2f719f5,Success,11460634
84,0x91ca694d2b293f70fe722fba7d8a5259188959c3,https://polygonscan.com/address/0x91ca694d2b293f70fe722fba7d8a5259188959c3,0x6524221789cc8862d580b1e3be31e197b2ca0fa5c734865875c90aa45fa06f7b,https://polygonscan.com/tx/0x6524221789cc8862d580b1e3be31e197b2ca0fa5c734865875c90aa45fa06f7b,Success,14978522
85,0xd7ecf95cf7ef5256990beaf4ac895cd9e64cb947,https://polygonscan.com/address/0xd7ecf95cf7ef5256990beaf4ac895cd9e64cb947,0xb26aabb8d29ba2105b3cea8ad7cdc514fa3f095cbec3eaa84ead1d8978b88d66,https://polygonscan.com/tx/0xb26aabb8d29ba2105b3cea8ad7cdc514fa3f095cbec3eaa84ead1d8978b88d66,Success,14085221
86,0xe3322702bedaaed36cddab233360b939775ae5f1,https://polygonscan.com/address/0xe3322702bedaaed36cddab233360b939775ae5f1,0x87926349e0e6dc7cd0f9fec0fb6cf4139708154484c70e811d0a85c4b24fbf9b,https://polygonscan.com/tx/0x87926349e0e6dc7cd0f9fec0fb6cf4139708154484c70e811d0a85c4b24fbf9b,Success,11745497
87,0xf391f574c63d9b8764b7a1f56d6383762e07b75b,https://polygonscan.com/address/0xf391f574c63d9b8764b7a1f56d6383762e07b75b,0xe79ff8761b1b9b0e7d1aac0592bb24037dc0b5fde0e96a7a4fc80da3a230cd03,https://polygonscan.com/tx/0xe79ff8761b1b9b0e7d1aac0592bb24037dc0b5fde0e96a7a4fc80da3a230cd03,Success,15693093
88,0x54cfe73f2c7d0c4b62ab869b473f5512dc0944d2,https://polygonscan.com/address/0x54cfe73f2c7d0c4b62ab869b473f5512dc0944d2,0xd8cabd39dbd533dfbe96c0ae0edd76a57fa50371f23b1c1d020d5c7994b24a41,https://polygonscan.com/tx/0xd8cabd39dbd533dfbe96c0ae0edd76a57fa50371f23b1c1d020d5c7994b24a41,Success,15019909
89,0x385eeac5cb85a38a9a07a70c73e0a3271cfb54a7,https://polygonscan.com/address/0x385eeac5cb85a38a9a07a70c73e0a3271cfb54a7,0x50c784cd0740e86c916ae1211e4e3f4dc6a18940760988b1521427b059e0ef7f,https://polygonscan.com/tx/0x50c784cd0740e86c916ae1211e4e3f4dc6a18940760988b1521427b059e0ef7f,Success,9249989
90,0xe111178a87a3bff0c8d18decba5798827539ae99,https://polygonscan.com/address/0xe111178a87a3bff0c8d18decba5798827539ae99,0x9c7341882cf4de62491dc560f1de51123d523efec49b65a91693a7ca905decce,https://polygonscan.com/tx/0x9c7341882cf4de62491dc560f1de51123d523efec49b65a91693a7ca905decce,Success,12153223
91,0x5095cc6511b70e287bc525aa57afbc60eb73ac47,https://polygonscan.com/address/0x5095cc6511b70e287bc525aa57afbc60eb73ac47,0xc8e35c2f10999e3f43dc6c9d4f9d9ebd8e97446c669742e9df83dcb83f4daa3c,https://polygonscan.com/tx/0xc8e35c2f10999e3f43dc6c9d4f9d9ebd8e97446c669742e9df83dcb83f4daa3c,Success,12965390
92,0xfbdd194376de19a88118e84e279b977f165d01b8,https://polygonscan.com/address/0xfbdd194376de19a88118e84e279b977f165d01b8,0xbac3f87002d974730c42e525d0cde57f291a4ebee1a1fe6570fd5997f867d8c7,https://polygonscan.com/tx/0xbac3f87002d974730c42e525d0cde57f291a4ebee1a1fe6570fd5997f867d8c7,Success,13908161
93,0xf30355ba14b2d3b31597ec71a4542f57e902cb80,https://polygonscan.com/address/0xf30355ba14b2d3b31597ec71a4542f57e902cb80,0x0a604856943540691dd947415a433964a08a0a3a368a6fc6f28b9fa90aba30a9,https://polygonscan.com/tx/0x0a604856943540691dd947415a433964a08a0a3a368a6fc6f28b9fa90aba30a9,Success,14671435
94,0x438b28c5aa5f00a817b7def7ce2fb3d5d1970974,https://polygonscan.com/address/0x438b28c5aa5f00a817b7def7ce2fb3d5d1970974,0x01d082ff2c9226f548883096240d80190faedc9ba9046422bfbfc533bb0b7abb,https://polygonscan.com/tx/0x01d082ff2c9226f548883096240d80190faedc9ba9046422bfbfc533bb0b7abb,Success,15965789
95,0xc3ec80343d2bae2f8e680fdadde7c17e71e114ea,https://polygonscan.com/address/0xc3ec80343d2bae2f8e680fdadde7c17e71e114ea,0x47ed94682fac2feb673bfbd9c9c68b76942fababaa1f5709c92e845bf6dbfcab,https://polygonscan.com/tx/0x47ed94682fac2feb673bfbd9c9c68b76942fababaa1f5709c92e845bf6dbfcab,Success,11170100
96,0xeAEf6cAf6d5894EDB2D4EA7ec11eC4AB655f1cBF,https://polygonscan.com/address/0xeAEf6cAf6d5894EDB2D4EA7ec11eC4AB655f1cBF,0x872160110e454f94e030ecab9dd288ba5d3e33744098c462a9f384dd13f05d55,https://polygonscan.com/tx/0x872160110e454f94e030ecab9dd288ba5d3e33744098c462a9f384dd13f05d55,Success,17058509
97,0x2a93172c8dccbfbc60a39d56183b7279a2f647b4,https://polygonscan.com/address/0x2a93172c8dccbfbc60a39d56183b7279a2f647b4,0xba93ce87645c8873471b91144258400180e80a6f35941a362a58661a2a0ec899,https://polygonscan.com/tx/0xba93ce87645c8873471b91144258400180e80a6f35941a362a58661a2a0ec899,Success,7564153
98,0xad93e067e149f0a5ecd12d8ea83b05581dd6374c,https://polygonscan.com/address/0xad93e067e149f0a5ecd12d8ea83b05581dd6374c,0x51fa4902ee953e5a3f71e938593c26520bcf236f2289224493f4c0a70ff873a3,https://polygonscan.com/tx/0x51fa4902ee953e5a3f71e938593c26520bcf236f2289224493f4c0a70ff873a3,Success,13536872
99,0x9377eeb7419486fd4d485671d50baa4bf77c2222,https://polygonscan.com/address/0x9377eeb7419486fd4d485671d50baa4bf77c2222,0x31ae580fb21fdc561876c585d5c1c833b27a2e9761fadbd0aab5bf60f313b417,https://polygonscan.com/tx/0x31ae580fb21fdc561876c585d5c1c833b27a2e9761fadbd0aab5bf60f313b417,Success,11263124
100,0x23fe1ee2f536427b7e8ac02fb037a7f867037fe8,https://polygonscan.com/address/0x23fe1ee2f536427b7e8ac02fb037a7f867037fe8,0xe3395f6f403a1a888ec083f3378e7a65c771f830e914a58988b860cbad5bd0bb,https://polygonscan.com/tx/0xe3395f6f403a1a888ec083f3378e7a65c771f830e914a58988b860cbad5bd0bb,Success,11828228
101,0x09c5a4bca808bd1ba2b8e6b3aaf7442046b4ca5b,https://polygonscan.com/address/0x09c5a4bca808bd1ba2b8e6b3aaf7442046b4ca5b,0x189f9df4fa37aeb398b84a72f8f0eb65abe0c2394710b30c41c2b0370f3a64df,https://polygonscan.com/tx/0x189f9df4fa37aeb398b84a72f8f0eb65abe0c2394710b30c41c2b0370f3a64df,Success,14671010
102,0xeb5c9e515629b725d3588a55e2a43964dcfde8ca,https://polygonscan.com/address/0xeb5c9e515629b725d3588a55e2a43964dcfde8ca,0x42b5446be4501ca44dff30ddf346a502986ebd959b64baa234f4a9d7b7b37f39,https://polygonscan.com/tx/0x42b5446be4501ca44dff30ddf346a502986ebd959b64baa234f4a9d7b7b37f39,Success,11828151
103,0x07cc1cc3628cc1615120df781ef9fc8ec2feae09,https://polygonscan.com/address/0x07cc1cc3628cc1615120df781ef9fc8ec2feae09,0x3a39b9d69b4c6c01112b1f2637041baca4878d464923ae865df325f6b654cc7d,https://polygonscan.com/tx/0x3a39b9d69b4c6c01112b1f2637041baca4878d464923ae865df325f6b654cc7d,Success,12073140
104,0xdb725f82818de83e99f1dac22a9b5b51d3d04dd4,https://polygonscan.com/address/0xdb725f82818de83e99f1dac22a9b5b51d3d04dd4,0x6c79b1c9d087b9a907da645ffd64718af91a390dfc0f67c75db88f5141285704,https://polygonscan.com/tx/0x6c79b1c9d087b9a907da645ffd64718af91a390dfc0f67c75db88f5141285704,Success,14107833
105,0x068180071617528606371c31892ecbf2b70ac1d2,https://polygonscan.com/address/0x068180071617528606371c31892ecbf2b70ac1d2,0xf83b58a31d38bedb84d3e214bc395777b46310fa670420bff7ec3f53dc16cc97,https://polygonscan.com/tx/0xf83b58a31d38bedb84d3e214bc395777b46310fa670420bff7ec3f53dc16cc97,Success,11265277
106,0xa3ed22eee92a3872709823a6970069e12a4540eb,https://polygonscan.com/address/0xa3ed22eee92a3872709823a6970069e12a4540eb,0x221e2c1935dff042d1cd4894c9a99be6bce8e0aa3c303c61bf55396d738e512c,https://polygonscan.com/tx/0x221e2c1935dff042d1cd4894c9a99be6bce8e0aa3c303c61bf55396d738e512c,Success,12599570
107,0x054c42b6414747f5263b4a86f21b1afad00326bf,https://polygonscan.com/address/0x054c42b6414747f5263b4a86f21b1afad00326bf,0xc5fe52eabd53d9db32f6c5b22bf209abc984e9b0fb58d52124120dec647f94a2,https://polygonscan.com/tx/0xc5fe52eabd53d9db32f6c5b22bf209abc984e9b0fb58d52124120dec647f94a2,Success,14862813
108,0xf2ae0038696774d65e67892c9d301c5f2cbbda58,https://polygonscan.com/address/0xf2ae0038696774d65e67892c9d301c5f2cbbda58,0xa8d47602b7419671bde2accaf1242df2959da0daae970996d13b6eb1732f6a9a,https://polygonscan.com/tx/0xa8d47602b7419671bde2accaf1242df2959da0daae970996d13b6eb1732f6a9a,Success,14863742
109,0xa0e390e9cea0d0e8cd40048ced9fa9ea10d71639,https://polygonscan.com/address/0xa0e390e9cea0d0e8cd40048ced9fa9ea10d71639,0xd2fc368f0cc3288842163a12e217c4e03d4911f75f47e6fc6ffe10d7b9dc42ae,https://polygonscan.com/tx/0xd2fc368f0cc3288842163a12e217c4e03d4911f75f47e6fc6ffe10d7b9dc42ae,Success,11460969
110,0xfa1171334cb3a0f0a91e8ca6765f10e9638d1cbf,https://polygonscan.com/address/0xfa1171334cb3a0f0a91e8ca6765f10e9638d1cbf,0x5527c15deba2512462a4cb44b0534d40338d7f092c056cab878198cc9f86be3c,https://polygonscan.com/tx/0x5527c15deba2512462a4cb44b0534d40338d7f092c056cab878198cc9f86be3c,Success,15428182
111,0x3a4bed49ab592a227bae8f41efd0d38e6e06d96c,https://polygonscan.com/address/0x3a4bed49ab592a227bae8f41efd0d38e6e06d96c,0x7423395b82db8bfced2585ab2a70343ed422f5a06dfe614aebd0eef7eba7d3c1,https://polygonscan.com/tx/0x7423395b82db8bfced2585ab2a70343ed422f5a06dfe614aebd0eef7eba7d3c1,Success,12925348
112,0x779b299ea455d35a44fe9bac48648be22c08dea2,https://polygonscan.com/address/0x779b299ea455d35a44fe9bac48648be22c08dea2,0x370380235b4ad8b52bd28b05cc6343d4c4bd67ac31a7d2f861b39b7084a01640,https://polygonscan.com/tx/0x370380235b4ad8b52bd28b05cc6343d4c4bd67ac31a7d2f861b39b7084a01640,Success,15144888
113,0xe8a51d0dd1b4525189dda2187f90ddf0932b5482,https://polygonscan.com/address/0xe8a51d0dd1b4525189dda2187f90ddf0932b5482,0xac157049230ecacf2043e8e216d74fdcc9f750d20249e045cf36c86dc023a4c8,https://polygonscan.com/tx/0xac157049230ecacf2043e8e216d74fdcc9f750d20249e045cf36c86dc023a4c8,Success,12475354
114,0xe2341718c6c0cbfa8e6686102dd8fbf4047a9e9b,https://polygonscan.com/address/0xe2341718c6c0cbfa8e6686102dd8fbf4047a9e9b,0xbfd84b2fcbaae7e7e16dc0fd0a6e1eb73aa2a682ea8589c5154e559902f3b28a,https://polygonscan.com/tx/0xbfd84b2fcbaae7e7e16dc0fd0a6e1eb73aa2a682ea8589c5154e559902f3b28a,Success,12965518
115,0x6ccbf3627b2c83afef05bf2f035e7f7b210fe30d,https://polygonscan.com/address/0x6ccbf3627b2c83afef05bf2f035e7f7b210fe30d,0x4c7998066f26134b439c9ee295d3613830d5f355e7ebd6d22e7f8d28180d8d2b,https://polygonscan.com/tx/0x4c7998066f26134b439c9ee295d3613830d5f355e7ebd6d22e7f8d28180d8d2b,Success,11746141
116,0xf1c1a3c2481a3a8a3f173a9ab5ade275292a6fa3,https://polygonscan.com/address/0xf1c1a3c2481a3a8a3f173a9ab5ade275292a6fa3,0x51e11b292adcee0cfe936789dc1cce33aa08f48cf79f4a47bc161ccc62d38f31,https://polygonscan.com/tx/0x51e11b292adcee0cfe936789dc1cce33aa08f48cf79f4a47bc161ccc62d38f31,Success,14350891
117,0xdf00c50a3dae240860f57b77508203b8d9593283,https://polygonscan.com/address/0xdf00c50a3dae240860f57b77508203b8d9593283,0xcd7096ec3c350e888895be37f07b1c4ebe41c825a52675c737400580664fc517,https://polygonscan.com/tx/0xcd7096ec3c350e888895be37f07b1c4ebe41c825a52675c737400580664fc517,Success,13250353
118,0x25788a1a171ec66da6502f9975a15b609ff54cf6,https://polygonscan.com/address/0x25788a1a171ec66da6502f9975a15b609ff54cf6,0x8c38ee1ccd1e61af1aeb102f909fbcc4e34319f58b87cd21c9670aa8f8eeaa38,https://polygonscan.com/tx/0x8c38ee1ccd1e61af1aeb102f909fbcc4e34319f58b87cd21c9670aa8f8eeaa38,Success,11666153
119,0xd07a7fac2857901e4bec0d89bbdae764723aab86,https://polygonscan.com/address/0xd07a7fac2857901e4bec0d89bbdae764723aab86,0x10bd7bc22750fd4c7278a4e58aaaa0ef9cd1b866cf4720cd271ab8ace5f9b83a,https://polygonscan.com/tx/0x10bd7bc22750fd4c7278a4e58aaaa0ef9cd1b866cf4720cd271ab8ace5f9b83a,Success,14390078
120,0xf501dd45a1198c2e1b5aef5314a68b9006d842e0,https://polygonscan.com/address/0xf501dd45a1198c2e1b5aef5314a68b9006d842e0,0x60c87068a1a6af9c43cfee1ef96967a5c513e90e748c2b7b45584b2c3c0791ca,https://polygonscan.com/tx/0x60c87068a1a6af9c43cfee1ef96967a5c513e90e748c2b7b45584b2c3c0791ca,Success,14863324
121,0xe0339c80ffde91f3e20494df88d4206d86024cdf,https://polygonscan.com/address/0xe0339c80ffde91f3e20494df88d4206d86024cdf,0x00bea12f3271046723edb1d2ebcd7718b129c56277aac3a2b3bc38d6ceb0fbf1,https://polygonscan.com/tx/0x00bea12f3271046723edb1d2ebcd7718b129c56277aac3a2b3bc38d6ceb0fbf1,Success,14430142
122,0x65a05db8322701724c197af82c9cae41195b0aa8,https://polygonscan.com/address/0x65a05db8322701724c197af82c9cae41195b0aa8,0x3c80dd9dc71fd007a69b1902e7f87e5da944fa2752dac4a8114f9cb250895499,https://polygonscan.com/tx/0x3c80dd9dc71fd007a69b1902e7f87e5da944fa2752dac4a8114f9cb250895499,Success,14283484
123,0x48e3883233461c2ef4cb3fcf419d6db07fb86cea,https://polygonscan.com/address/0x48e3883233461c2ef4cb3fcf419d6db07fb86cea,0x535cecc9551c8641834086039d9a86f4b0252441b1dd01ecb30fdab79645821d,https://polygonscan.com/tx/0x535cecc9551c8641834086039d9a86f4b0252441b1dd01ecb30fdab79645821d,Success,10709407
124,0x16eccfdbb4ee1a85a33f3a9b21175cd7ae753db4,https://polygonscan.com/address/0x16eccfdbb4ee1a85a33f3a9b21175cd7ae753db4,0x804d92095e25c333a0ad78ae254032af8d1ca16e423b1e2947ec8dd6758882bc,https://polygonscan.com/tx/0x804d92095e25c333a0ad78ae254032af8d1ca16e423b1e2947ec8dd6758882bc,Success,9616676
125,0x8a0e8b4b0903929f47C3ea30973940D4a9702067,https://polygonscan.com/address/0x8a0e8b4b0903929f47C3ea30973940D4a9702067,0x22cb3a4ce49e44816b5e8490c652c8297ddef9b1d4d7b88c7b79e069c3848b55,https://polygonscan.com/tx/0x22cb3a4ce49e44816b5e8490c652c8297ddef9b1d4d7b88c7b79e069c3848b55,Success,18332546
126,0xf4310adb83694bc4808e0c5ca8f7027c6127921d,https://polygonscan.com/address/0xf4310adb83694bc4808e0c5ca8f7027c6127921d,0x7587ba09168377026f12c140b4dc92a4f93b93bf92718ee576e51686624f38a5,https://polygonscan.com/tx/0x7587ba09168377026f12c140b4dc92a4f93b93bf92718ee576e51686624f38a5,Success,14863431
127,0x5de4005155933c0e1612ce808f12b4cd8daabc82,https://polygonscan.com/address/0x5de4005155933c0e1612ce808f12b4cd8daabc82,0x500c373e9f03c10960d74a7062697c2c51ac01dc146ae3c2dfd21f320cf9c389,https://polygonscan.com/tx/0x500c373e9f03c10960d74a7062697c2c51ac01dc146ae3c2dfd21f320cf9c389,Success,12599699
128,0x6f934b45fc6043527d73c7c99313dd838e723db7,https://polygonscan.com/address/0x6f934b45fc6043527d73c7c99313dd838e723db7,0x317c37158622889fcd2919ae5566f2da47700bd87133ff6ed2b9e5fce0f7c5b5,https://polygonscan.com/tx/0x317c37158622889fcd2919ae5566f2da47700bd87133ff6ed2b9e5fce0f7c5b5,Success,11787654
129,0x314338767151e6ed23db8a41c6f6943c1958ee56,https://polygonscan.com/address/0x314338767151e6ed23db8a41c6f6943c1958ee56,0xc16f87c625a1b9a0e77ab5db373ace84b3c22eaa57eb9d5f406c1723076b2f09,https://polygonscan.com/tx/0xc16f87c625a1b9a0e77ab5db373ace84b3c22eaa57eb9d5f406c1723076b2f09,Success,11471188
130,0x9e7deba360c77949bb75d16dc81b2393c15005eb,https://polygonscan.com/address/0x9e7deba360c77949bb75d16dc81b2393c15005eb,0xb857d7b8612f583b34bb3c090faff45f297b07ae4ef4c811c702912c1495221e,https://polygonscan.com/tx/0xb857d7b8612f583b34bb3c090faff45f297b07ae4ef4c811c702912c1495221e,Success,13821554
131,0x8c92e38eca8210f4fcbf17f0951b198dd7668292,https://polygonscan.com/address/0x8c92e38eca8210f4fcbf17f0951b198dd7668292,0x33d7cfff8530a0b79b9b4b36162fe2226b415c10a06e2ef7f4eb386b7f754e8b,https://polygonscan.com/tx/0x33d7cfff8530a0b79b9b4b36162fe2226b415c10a06e2ef7f4eb386b7f754e8b,Success,13170024
132,0xc168e40227e4ebd8c1cae80f7a55a4f0e6d66c97,https://polygonscan.com/address/0xc168e40227e4ebd8c1cae80f7a55a4f0e6d66c97,0x733ba4ee2910debdd6b3b8484c787830aff209effb18284da5223c8d44cef6ea,https://polygonscan.com/tx/0x733ba4ee2910debdd6b3b8484c787830aff209effb18284da5223c8d44cef6ea,Success,14283089
133,0x66e16d50c07a01bb473ec794349d45aa1a0e5dc2,https://polygonscan.com/address/0x66e16d50c07a01bb473ec794349d45aa1a0e5dc2,0xc2fad650235a3135f405c527df68e3e2edad5a1356b57990aade0ac649209312,https://polygonscan.com/tx/0xc2fad650235a3135f405c527df68e3e2edad5a1356b57990aade0ac649209312,Success,13169951
134,0xac311fa85e8645bb1db53ecc04fa8d41997facf8,https://polygonscan.com/address/0xac311fa85e8645bb1db53ecc04fa8d41997facf8,0xe866946e92522a94b9481865c09db5e59f99bf61011508656fd8a252130cfaa6,https://polygonscan.com/tx/0xe866946e92522a94b9481865c09db5e59f99bf61011508656fd8a252130cfaa6,Success,13332704
135,0x596ebe76e2db4470966ea395b0d063ac6197a8c5,https://polygonscan.com/address/0x596ebe76e2db4470966ea395b0d063ac6197a8c5,0x428778a737f3214cbcea84e4349ae14cbb13fb158621a81d9da76fb56b70dbb1,https://polygonscan.com/tx/0x428778a737f3214cbcea84e4349ae14cbb13fb158621a81d9da76fb56b70dbb1,Success,11263923
136,0x89c296be2f904f3e99a6125815b4b78f5388d2dd,https://polygonscan.com/address/0x89c296be2f904f3e99a6125815b4b78f5388d2dd,0x25586187de64f41e5f9d265ac0de51c7d0f29da4ea78dde468dcb9d2e9f8bfed,https://polygonscan.com/tx/0x25586187de64f41e5f9d265ac0de51c7d0f29da4ea78dde468dcb9d2e9f8bfed,Success,16351819
137,0x1631244689ec1fecbdd22fb5916e920dfc9b8d30,https://polygonscan.com/address/0x1631244689ec1fecbdd22fb5916e920dfc9b8d30,0x132b3a4c2cb0b11c14f37ef7ab76e2714ec0482c1bc797ff73f158695890335e,https://polygonscan.com/tx/0x132b3a4c2cb0b11c14f37ef7ab76e2714ec0482c1bc797ff73f158695890335e,Success,13821824
138,0x22308317a4aa9e8196065e0b3647e582d44c4d7b,https://polygonscan.com/address/0x22308317a4aa9e8196065e0b3647e582d44c4d7b,0x67b17d1b5ab7835f95d42a454f25d875b944cb74ff051f0e66269d70f8072eca,https://polygonscan.com/tx/0x67b17d1b5ab7835f95d42a454f25d875b944cb74ff051f0e66269d70f8072eca,Success,13170099
139,0x7cef6ed1e07079e174601d39066ad0856cb47988,https://polygonscan.com/address/0x7cef6ed1e07079e174601d39066ad0856cb47988,0x85c33f41fa4456319e984fa31e08f931440f09f765f46e13e688ee904fe11237,https://polygonscan.com/tx/0x85c33f41fa4456319e984fa31e08f931440f09f765f46e13e688ee904fe11237,Success,16046947
140,0x08be454de533509e8832b257116c5506e55b0b64,https://polygonscan.com/address/0x08be454de533509e8832b257116c5506e55b0b64,0xed0813bd9f01dedf1fdbda0fd38943df24596cfd1559ec1e3fc21cc10c8fbd39,https://polygonscan.com/tx/0xed0813bd9f01dedf1fdbda0fd38943df24596cfd1559ec1e3fc21cc10c8fbd39,Success,17893571
141,0x65DfA90171e1bd9060209405026C4E1f4A8E58df,https://polygonscan.com/address/0x65DfA90171e1bd9060209405026C4E1f4A8E58df,0x51fc67ee3812f76cef8a7af908f5d391eb3a1626c836d66794962db7489ea996,https://polygonscan.com/tx/0x51fc67ee3812f76cef8a7af908f5d391eb3a1626c836d66794962db7489ea996,Success,15789962
142,0x580a84c73811e1839f75d86d75d88cca0c241ff4,https://polygonscan.com/address/0x580a84c73811e1839f75d86d75d88cca0c241ff4,0x1bd1f1550007d9db1438bd87b8d4e7c6000ec6c47a727f1a622f99867c41641a,https://polygonscan.com/tx/0x1bd1f1550007d9db1438bd87b8d4e7c6000ec6c47a727f1a622f99867c41641a,Success,14051072
143,0x7dc0cb65ec6019330a6841e9c274f2ee57a6ca6c,https://polygonscan.com/address/0x7dc0cb65ec6019330a6841e9c274f2ee57a6ca6c,0x9e7252fec752e96a18d3bb4092b94e6c0ebdbf137d295cb3c64ad78cb845eff4,https://polygonscan.com/tx/0x9e7252fec752e96a18d3bb4092b94e6c0ebdbf137d295cb3c64ad78cb845eff4,Success,12640034
144,0x4b54bc363f5f9c6e0fcd82eac6919ae213464cc6,https://polygonscan.com/address/0x4b54bc363f5f9c6e0fcd82eac6919ae213464cc6,0xe34e6f63f9cea009df4c848ab6349cd2c6e88439aa25e7d308755f0d2dfa6c40,https://polygonscan.com/tx/0xe34e6f63f9cea009df4c848ab6349cd2c6e88439aa25e7d308755f0d2dfa6c40,Success,14351066
145,0x521cddc0cba84f14c69c1e99249f781aa73ee0bc,https://polygonscan.com/address/0x521cddc0cba84f14c69c1e99249f781aa73ee0bc,0x63c09631bda9d53a604f7b7f5ba63afe2668a664c8259c263ad3403fb7eecc55,https://polygonscan.com/tx/0x63c09631bda9d53a604f7b7f5ba63afe2668a664c8259c263ad3403fb7eecc55,Success,11665964
146,0xff88434e29d1e2333ad6baa08d358b436196da6b,https://polygonscan.com/address/0xff88434e29d1e2333ad6baa08d358b436196da6b,0x77afebc1fbacb2576b31b19762ced56d562b525af33374bf803dcbc84c1628ce,https://polygonscan.com/tx/0x77afebc1fbacb2576b31b19762ced56d562b525af33374bf803dcbc84c1628ce,Success,15503873
147,0x4c4bf319237d98a30a929a96112effa8da3510eb,https://polygonscan.com/address/0x4c4bf319237d98a30a929a96112effa8da3510eb,0xc1b8dda4f73ba27e97060013f9af1226102591fd781082b78e1cf6320b295e37,https://polygonscan.com/tx/0xc1b8dda4f73ba27e97060013f9af1226102591fd781082b78e1cf6320b295e37,Success,15493112
148,0x4e92f6f10496f3fcb790cc6969cc15b87c8f9199,https://polygonscan.com/address/0x4e92f6f10496f3fcb790cc6969cc15b87c8f9199,0xafa278b0b70d04f9b1de6bc27c12dbdb08fa2fbb9aed2cc0dc94a01984a3e9c0,https://polygonscan.com/tx/0xafa278b0b70d04f9b1de6bc27c12dbdb08fa2fbb9aed2cc0dc94a01984a3e9c0,Success,14592584
149,0x6ddb31002abc64e1479fc439692f7ea061e78165,https://polygonscan.com/address/0x6ddb31002abc64e1479fc439692f7ea061e78165,0x01c59c7512243b95b2a20deb2b140863b3f1dd0e033082fd605762de2d7df80f,https://polygonscan.com/tx/0x01c59c7512243b95b2a20deb2b140863b3f1dd0e033082fd605762de2d7df80f,Success,15573965
150,0xd6a5ab46ead26f49b03bbb1f9eb1ad5c1767974a,https://polygonscan.com/address/0xd6a5ab46ead26f49b03bbb1f9eb1ad5c1767974a,0xc20368ea05429de8c001522c2f1ff8d2de76f62a127a1d594b58f8d9d1162237,https://polygonscan.com/tx/0xc20368ea05429de8c001522c2f1ff8d2de76f62a127a1d594b58f8d9d1162237,Success,13267492
151,0x5df1a47e05b4caba0ed3df13662642f05314764d,https://polygonscan.com/address/0x5df1a47e05b4caba0ed3df13662642f05314764d,0x46d3fbda64dcb8fb3dd07916800e102b5f6e1cc0bf4645c3dc60b069bfd97147,https://polygonscan.com/tx/0x46d3fbda64dcb8fb3dd07916800e102b5f6e1cc0bf4645c3dc60b069bfd97147,Success,12393067
152,0x0e0ffc562d72316b783e887bbaae1fd794adb530,https://polygonscan.com/address/0x0e0ffc562d72316b783e887bbaae1fd794adb530,0xb5737c47dedc105add3def55b228bcff960fe35e8b150d07e6ce70aa5745b1c6,https://polygonscan.com/tx/0xb5737c47dedc105add3def55b228bcff960fe35e8b150d07e6ce70aa5745b1c6,Success,12191429
153,0x990f860968714c2d16e91ec0cd9709a94264cf64,https://polygonscan.com/address/0x990f860968714c2d16e91ec0cd9709a94264cf64,0xe88bdfe3553c08c5895f41a1245b7f93fc368cb93aded72a81a41942287244ea,https://polygonscan.com/tx/0xe88bdfe3553c08c5895f41a1245b7f93fc368cb93aded72a81a41942287244ea,Success,14748365
154,0x106035dedca635d75d6ff05f98f25916829edb77,https://polygonscan.com/address/0x106035dedca635d75d6ff05f98f25916829edb77,0x037016de0483ffb8d85d012a99e623f2223cb0350432467943719ef963ac7a5f,https://polygonscan.com/tx/0x037016de0483ffb8d85d012a99e623f2223cb0350432467943719ef963ac7a5f,Success,12032596
155,0xce829a89d4a55a63418bcc43f00145adef0edb8e,https://polygonscan.com/address/0xce829a89d4a55a63418bcc43f00145adef0edb8e,0x27ad97d612e0d5d279bc94a8fd015e19ea54e865605725ed2672d2aef4d8f254,https://polygonscan.com/tx/0x27ad97d612e0d5d279bc94a8fd015e19ea54e865605725ed2672d2aef4d8f254,Success,14937797
156,0xcbab27b2d5b468eea509bd430100922341bc3f1a,https://polygonscan.com/address/0xcbab27b2d5b468eea509bd430100922341bc3f1a,0x7c05903924c25e10e63f1bbd93ca5012b0b9c5acf2d976b9431a714679f4c812,https://polygonscan.com/tx/0x7c05903924c25e10e63f1bbd93ca5012b0b9c5acf2d976b9431a714679f4c812,Success,11043551
157,0x103308793661879166464cd0d0370ac3b8a2a1cb,https://polygonscan.com/address/0x103308793661879166464cd0d0370ac3b8a2a1cb,0xffbf9222788e024d7b73c652f92654c37a2d46f476190a9d514990d899a08434,https://polygonscan.com/tx/0xffbf9222788e024d7b73c652f92654c37a2d46f476190a9d514990d899a08434,Success,13291471
158,0x8ba941b64901e306667a287a370f145d98811096,https://polygonscan.com/address/0x8ba941b64901e306667a287a370f145d98811096,0x775cb6805db02668fdb2c35960d92ae1ae9bb1bb64911445566b97cff83acb20,https://polygonscan.com/tx/0x775cb6805db02668fdb2c35960d92ae1ae9bb1bb64911445566b97cff83acb20,Success,14067018
159,0xbbbe128568222623d21299f019a978c8587b33dc,https://polygonscan.com/address/0xbbbe128568222623d21299f019a978c8587b33dc,0xede9f07ea6c98b48139a25e9ca7aa265586292b00368f317ef29f14ed9a385be,https://polygonscan.com/tx/0xede9f07ea6c98b48139a25e9ca7aa265586292b00368f317ef29f14ed9a385be,Success,13822135
160,0x3d1d2afd191b165d140e3e8329e634665ffb0e5e,https://polygonscan.com/address/0x3d1d2afd191b165d140e3e8329e634665ffb0e5e,0x84cf729a5fd64732765eeebbec9aa48952895e4605063481bb2ff2ffe75111b7,https://polygonscan.com/tx/0x84cf729a5fd64732765eeebbec9aa48952895e4605063481bb2ff2ffe75111b7,Success,15851097
161,0xd6a5ab46ead26f49b03bbb1f9eb1ad5c1767974a,https://polygonscan.com/address/0xd6a5ab46ead26f49b03bbb1f9eb1ad5c1767974a,0xc20368ea05429de8c001522c2f1ff8d2de76f62a127a1d594b58f8d9d1162237,https://polygonscan.com/tx/0xc20368ea05429de8c001522c2f1ff8d2de76f62a127a1d594b58f8d9d1162237,Success,13267492
162,0x8a953cfe442c5e8855cc6c61b1293fa648bae472,https://polygonscan.com/address/0x8a953cfe442c5e8855cc6c61b1293fa648bae472,0xc761a5a99fd2924fdc09d1f8b6aeca2cf8f76d3c4e9c8239f78375917f53b398,https://polygonscan.com/tx/0xc761a5a99fd2924fdc09d1f8b6aeca2cf8f76d3c4e9c8239f78375917f53b398,Success,13760222
163,0x71b821aa52a49f32eed535fca6eb5aa130085978,https://polygonscan.com/address/0x71b821aa52a49f32eed535fca6eb5aa130085978,0x96dcdee67797cd29e46021a87fe370c946477e31a2485687a0f27dd694591c1c,https://polygonscan.com/tx/0x96dcdee67797cd29e46021a87fe370c946477e31a2485687a0f27dd694591c1c,Success,3940226
164,0xcde5e3d90631cacb842fa86f62dd0fc08a3ce43d,https://polygonscan.com/address/0xcde5e3d90631cacb842fa86f62dd0fc08a3ce43d,0x3793c5374af5e274057edf41358b2c6549d2f65d530fd16603e4c11c4a9c250a,https://polygonscan.com/tx/0x3793c5374af5e274057edf41358b2c6549d2f65d530fd16603e4c11c4a9c250a,Success,13169139
165,0x60bb3d364b765c497c8ce50ae0ae3f0882c5bd05,https://polygonscan.com/address/0x60bb3d364b765c497c8ce50ae0ae3f0882c5bd05,0xc45598e8d121c8eb415977b894ba3ffeb1042a32b21d10128cab3996e8828fb3,https://polygonscan.com/tx/0xc45598e8d121c8eb415977b894ba3ffeb1042a32b21d10128cab3996e8828fb3,Success,15982581
166,0x7b367a058f370c0057762280547d0b974cf3ac10,https://polygonscan.com/address/0x7b367a058f370c0057762280547d0b974cf3ac10,0xa2c88df0e9cd9f2ddeb0aed0620633f359c3c6c89948d03ca9ce25e3bc582004,https://polygonscan.com/tx/0xa2c88df0e9cd9f2ddeb0aed0620633f359c3c6c89948d03ca9ce25e3bc582004,Success,16313433
167,0xa8fcee762642f156b5d757b6fabc36e06b6d4a1a,https://polygonscan.com/address/0xa8fcee762642f156b5d757b6fabc36e06b6d4a1a,0x0207f9b0b81660eca921fd34bcb556804dc7e141aa72ad9f250a76685b506bee,https://polygonscan.com/tx/0x0207f9b0b81660eca921fd34bcb556804dc7e141aa72ad9f250a76685b506bee,Success,15851176
168,0xf89250e83fa2f33058385c98c7c44e723b040359,https://polygonscan.com/address/0xf89250e83fa2f33058385c98c7c44e723b040359,0x674cfbb0b56c7280188c06308ca911d0b9e457d0149b9a24f46888a4bc7ae682,https://polygonscan.com/tx/0x674cfbb0b56c7280188c06308ca911d0b9e457d0149b9a24f46888a4bc7ae682,Success,13495803
169,0xeab9cfb094db203e6035c2e7268a86debed5bd14,https://polygonscan.com/address/0xeab9cfb094db203e6035c2e7268a86debed5bd14,0x44cc3f15e485c573235fb22408ba868b1a412ffce80cfd323d904c133e8ab1f9,https://polygonscan.com/tx/0x44cc3f15e485c573235fb22408ba868b1a412ffce80cfd323d904c133e8ab1f9,Success,4061092
170,0x1ac417f1dd23504aac2076d854581f03196403fd,https://polygonscan.com/address/0x1ac417f1dd23504aac2076d854581f03196403fd,0x2e926eb569e828487e4d3425f342a1ac9fdd9345371568acf99f8d3aba53b3c0,https://polygonscan.com/tx/0x2e926eb569e828487e4d3425f342a1ac9fdd9345371568acf99f8d3aba53b3c0,Success,15428050
171,0xccbe9b810d6574701d324fd6dbe0a1b68f9d5bf7,https://polygonscan.com/address/0xccbe9b810d6574701d324fd6dbe0a1b68f9d5bf7,0x10d57d57e0e484b6d9194ede59d294d94495ec56a8c5579b73c9598c89d5b766,https://polygonscan.com/tx/0x10d57d57e0e484b6d9194ede59d294d94495ec56a8c5579b73c9598c89d5b766,Success,13907181
172,0x10635bf5c17f5e4c0ed9012aef7c12f96a57a4dd,https://polygonscan.com/address/0x10635bf5c17f5e4c0ed9012aef7c12f96a57a4dd,0x901b37966e2b90edd4c0a5685f80feb2dad7698a0efccf160d31ac673d75c9a7,https://polygonscan.com/tx/0x901b37966e2b90edd4c0a5685f80feb2dad7698a0efccf160d31ac673d75c9a7,Success,11745979
173,0xd1e6354fb05bf72a8909266203dab80947dceccf,https://polygonscan.com/address/0xd1e6354fb05bf72a8909266203dab80947dceccf,0xb25fb7251b01ad5dc4c374258c7fa8f1cd8597bc2aca8a11d93824304b65bc79,https://polygonscan.com/tx/0xb25fb7251b01ad5dc4c374258c7fa8f1cd8597bc2aca8a11d93824304b65bc79,Success,15362481
174,0xe64106154816a252da7728e35a0060f15d66cb34,https://polygonscan.com/address/0xe64106154816a252da7728e35a0060f15d66cb34,0x7fe24c2a1f426e78cd89db2425195d68b47747acf50661d5731e5eddb716a673,https://polygonscan.com/tx/0x7fe24c2a1f426e78cd89db2425195d68b47747acf50661d5731e5eddb716a673,Success,13292175
175,0xede1b77c0ccc45bfa949636757cd2ca7ef30137f,https://polygonscan.com/address/0xede1b77c0ccc45bfa949636757cd2ca7ef30137f,0x52df067c01c2c88622e4a7600aa18b3996787bed44206df885379ca9a14e6530,https://polygonscan.com/tx/0x52df067c01c2c88622e4a7600aa18b3996787bed44206df885379ca9a14e6530,Success,14630418
176,0xde799636af0d8d65a17aaa83b66cbbe9b185eb01,https://polygonscan.com/address/0xde799636af0d8d65a17aaa83b66cbbe9b185eb01,0x62f6b3393685f639ab5be5bb90823f850d480255ef46d725787c7ee721389163,https://polygonscan.com/tx/0x62f6b3393685f639ab5be5bb90823f850d480255ef46d725787c7ee721389163,Success,13905945
177,0xe7f960685aba7327ada3b161ea252703c87be0bf,https://polygonscan.com/address/0xe7f960685aba7327ada3b161ea252703c87be0bf,0xd2195c9056c50434d16cc949adc7952b824fa94c18f171bc43a7def0ded5416d,https://polygonscan.com/tx/0xd2195c9056c50434d16cc949adc7952b824fa94c18f171bc43a7def0ded5416d,Success,11460855
178,0x733726968ae55dc58c26dbdc193fea256a704ba4,https://polygonscan.com/address/0x733726968ae55dc58c26dbdc193fea256a704ba4,0x27b13f170e37e0fe844ac43d825ee83b31de7914eb0b8fcbedb6de09c9702194,https://polygonscan.com/tx/0x27b13f170e37e0fe844ac43d825ee83b31de7914eb0b8fcbedb6de09c9702194,Success,13454827
179,0x4ba47b10ea8f544f8969ba61df3e5be67692a122,https://polygonscan.com/address/0x4ba47b10ea8f544f8969ba61df3e5be67692a122,0x924aff79906783b7aacd0b54c93e236723cb2837ab93e738818e0a9fed391ebc,https://polygonscan.com/tx/0x924aff79906783b7aacd0b54c93e236723cb2837ab93e738818e0a9fed391ebc,Success,14188966
180,0x127984b5e6d5c59f81dacc9f1c8b3bdc8494572e,https://polygonscan.com/address/0x127984b5e6d5c59f81dacc9f1c8b3bdc8494572e,0x8968059c94dcc00467e1854b019e5b722c46496f7f74c239fc8b157f5978cb7c,https://polygonscan.com/tx/0x8968059c94dcc00467e1854b019e5b722c46496f7f74c239fc8b157f5978cb7c,Success,8573971
181,0x0f40d69ff494a9e74b1f20a89eff299b2a05918f,https://polygonscan.com/address/0x0f40d69ff494a9e74b1f20a89eff299b2a05918f,0x1f3cc23f188721ed3c4e1a3a39535286fc24f6bdc1cc9da8da4f0cf5e72d7223,https://polygonscan.com/tx/0x1f3cc23f188721ed3c4e1a3a39535286fc24f6bdc1cc9da8da4f0cf5e72d7223,Success,11263796
-,0x5c2ed810328349100a66b82b78a1791b101c9d61,https://polygonscan.com/address/0x5c2ed810328349100a66b82b78a1791b101c9d61,0x5a4c7da40d3d859e4bd9f3b09c57f428703763a341a2bdcd66c6cc76f5a8b500,https://polygonscan.com/tx/0x5a4c7da40d3d859e4bd9f3b09c57f428703763a341a2bdcd66c6cc76f5a8b500,Success,12687348
-,0x28424507fefb6f7f8e9d3860f56504e4e5f5f390,https://polygonscan.com/address/0x28424507fefb6f7f8e9d3860f56504e4e5f5f390,0x1509cfb06a8c54aa6012f62ee1c33b428d8b1361269e1119b6626eccb9e4dc8d,https://polygonscan.com/tx/0x1509cfb06a8c54aa6012f62ee1c33b428d8b1361269e1119b6626eccb9e4dc8d,Success,12687350
-,0x7ceb23fd6bc0add59e62ac25578270cff1b9f619,https://polygonscan.com/address/0x7ceb23fd6bc0add59e62ac25578270cff1b9f619,0x67e0374acc7b605f5a1490aefd23da225fe9bd5513d905989eee271931de946f,https://polygonscan.com/tx/0x67e0374acc7b605f5a1490aefd23da225fe9bd5513d905989eee271931de946f,Success,3678215
-,0xf28164a485b0b2c90639e47b0f377b4a438a16b1,https://polygonscan.com/address/0xf28164a485b0b2c90639e47b0f377b4a438a16b1,0xe02f2006b770effb11add884a690ad70a3cd907de0833e288082802f172de904,https://polygonscan.com/tx/0xe02f2006b770effb11add884a690ad70a3cd907de0833e288082802f172de904,Success,12530177
-,0x1d2a0e5ec8e5bbdca5cb219e649b565d8e5c3360,https://polygonscan.com/address/0x1d2a0e5ec8e5bbdca5cb219e649b565d8e5c3360,0x1509cfb06a8c54aa6012f62ee1c33b428d8b1361269e1119b6626eccb9e4dc8d,https://polygonscan.com/tx/0x1509cfb06a8c54aa6012f62ee1c33b428d8b1361269e1119b6626eccb9e4dc8d,Success,12687350
-,0xc4ace9278e7e01755b670c0838c3106367639962,https://polygonscan.com/address/0xc4ace9278e7e01755b670c0838c3106367639962,0xb2ce5fd742f4bdf07e10fe1121bac76b6f088762ec8639b692acab9c60e12c5b,https://polygonscan.com/tx/0xb2ce5fd742f4bdf07e10fe1121bac76b6f088762ec8639b692acab9c60e12c5b,Success,14937702
-,0xcfe2cf35d2bdde84967e67d00ad74237e234ce59,https://polygonscan.com/address/0xcfe2cf35d2bdde84967e67d00ad74237e234ce59,0x9d3466897e7affb68e125e1ff47c5324e88d9625aa3ed880d7abebd8bcd8f2b0,https://polygonscan.com/tx/0x9d3466897e7affb68e125e1ff47c5324e88d9625aa3ed880d7abebd8bcd8f2b0,Success,15554585
-,0xc3fdbadc7c795ef1d6ba111e06ff8f16a20ea539,https://polygonscan.com/address/0xc3fdbadc7c795ef1d6ba111e06ff8f16a20ea539,0xd139c2584a3440996914425b8803c35f903a7df37aa59605742d5dd447b6aa22,https://polygonscan.com/tx/0xd139c2584a3440996914425b8803c35f903a7df37aa59605742d5dd447b6aa22,Success,13929669
-,0x6bb45ceac714c52342ef73ec663479da35934bf7,https://polygonscan.com/address/0x6bb45ceac714c52342ef73ec663479da35934bf7,0xd6c48d5953e2e3578d924890666bae096cc0406171563c18ee03795fbf5a3884,https://polygonscan.com/tx/0xd6c48d5953e2e3578d924890666bae096cc0406171563c18ee03795fbf5a3884,Success,16059522
-,0xab72ee159ff70b64beecbbb0fbbe58b372391c54,https://polygonscan.com/address/0xab72ee159ff70b64beecbbb0fbbe58b372391c54,0x75a69fe1b1f33d2d22d7c45ffde5b11813c2465ef8d495ad7a673224dc23c400,https://polygonscan.com/tx/0x75a69fe1b1f33d2d22d7c45ffde5b11813c2465ef8d495ad7a673224dc23c400,Success,16399474
-,0x3a3df212b7aa91aa0402b9035b098891d276572b,https://polygonscan.com/address/0x3a3df212b7aa91aa0402b9035b098891d276572b,0x40f510deef56d5ca9dff9305e293ca0b5a25af328c9b178394d867e72e924a2c,https://polygonscan.com/tx/0x40f510deef56d5ca9dff9305e293ca0b5a25af328c9b178394d867e72e924a2c,Success,13910518
-,0x8df3aad3a84da6b69a4da8aec3ea40d9091b2ac4,https://polygonscan.com/address/0x8df3aad3a84da6b69a4da8aec3ea40d9091b2ac4,0x1509cfb06a8c54aa6012f62ee1c33b428d8b1361269e1119b6626eccb9e4dc8d,https://polygonscan.com/tx/0x1509cfb06a8c54aa6012f62ee1c33b428d8b1361269e1119b6626eccb9e4dc8d,Success,12687350
-,0x0d500b1d8e8ef31e21c99d1db9a6444d3adf1270,https://polygonscan.com/address/0x0d500b1d8e8ef31e21c99d1db9a6444d3adf1270,0x4f9548f69c19c399073d37470a0742279ebec767ab5e2ecadcbf6ebcadd64d55,https://polygonscan.com/tx/0x4f9548f69c19c399073d37470a0742279ebec767ab5e2ecadcbf6ebcadd64d55,Success,4931456
-,0x1a13f4ca1d028320a707d99520abfefca3998b7f,https://polygonscan.com/address/0x1a13f4ca1d028320a707d99520abfefca3998b7f,0x5a4c7da40d3d859e4bd9f3b09c57f428703763a341a2bdcd66c6cc76f5a8b500,https://polygonscan.com/tx/0x5a4c7da40d3d859e4bd9f3b09c57f428703763a341a2bdcd66c6cc76f5a8b500,Success,12687348
-,0x9719d867a500ef117cc201206b8ab51e794d3f82,https://polygonscan.com/address/0x9719d867a500ef117cc201206b8ab51e794d3f82,,,,0
-,0x9af3b7dc29d3c4b1a5731408b6a9656fa7ac3b72,https://polygonscan.com/address/0x9af3b7dc29d3c4b1a5731408b6a9656fa7ac3b72,0xb97c30b6a7915f681810c4fd3f12a81c971469aeff1790d8798c56359df6a803,https://polygonscan.com/tx/0xb97c30b6a7915f681810c4fd3f12a81c971469aeff1790d8798c56359df6a803,Success,16209781
-,0xa3fa99a148fa48d14ed51d610c367c61876997f1,https://polygonscan.com/address/0xa3fa99a148fa48d14ed51d610c367c61876997f1,0x69bd0d0b0907a49684f1be06ed49639010d0c13ee54a1e7a9f08d2a5ad1afefe,https://polygonscan.com/tx/0x69bd0d0b0907a49684f1be06ed49639010d0c13ee54a1e7a9f08d2a5ad1afefe,Success,13976458
-,0x60d55f02a771d515e077c9c2403a1ef324885cec,https://polygonscan.com/address/0x60d55f02a771d515e077c9c2403a1ef324885cec,0x5a4c7da40d3d859e4bd9f3b09c57f428703763a341a2bdcd66c6cc76f5a8b500,https://polygonscan.com/tx/0x5a4c7da40d3d859e4bd9f3b09c57f428703763a341a2bdcd66c6cc76f5a8b500,Success,12687348
-,0x66c59dded4ef01a3412a8b019b6e41d4a8c49a35,https://polygonscan.com/address/0x66c59dded4ef01a3412a8b019b6e41d4a8c49a35,0xd9000835e9adf02ee08c8a461235899d966ebb0475c9675a8ae178006819c8df,https://polygonscan.com/tx/0xd9000835e9adf02ee08c8a461235899d966ebb0475c9675a8ae178006819c8df,Success,16515017
-,0x27f8d03b3a2196956ed754badc28d73be8830a6e,https://polygonscan.com/address/0x27f8d03b3a2196956ed754badc28d73be8830a6e,0x5a4c7da40d3d859e4bd9f3b09c57f428703763a341a2bdcd66c6cc76f5a8b500,https://polygonscan.com/tx/0x5a4c7da40d3d859e4bd9f3b09c57f428703763a341a2bdcd66c6cc76f5a8b500,Success,12687348
-,0xf4b0903774532aee5ee567c02aab681a81539e92,https://polygonscan.com/address/0xf4b0903774532aee5ee567c02aab681a81539e92,0xebc0495848fe0d35cca6fab7b498357a0d295a2514b2f57afaad8166e515af5e,https://polygonscan.com/tx/0xebc0495848fe0d35cca6fab7b498357a0d295a2514b2f57afaad8166e515af5e,Success,13881038
-,0x23d29d30e35c5e8d321e1dc9a8a61bfd846d4c5c,https://polygonscan.com/address/0x23d29d30e35c5e8d321e1dc9a8a61bfd846d4c5c,0xc8ee34a6ce1438fc3f530141d2862746f61f5bd310a7add52cbe5408abdabda8,https://polygonscan.com/tx/0xc8ee34a6ce1438fc3f530141d2862746f61f5bd310a7add52cbe5408abdabda8,Success,7438590
-,0xc56d17dd519e5eb43a19c9759b5d5372115220bd,https://polygonscan.com/address/0xc56d17dd519e5eb43a19c9759b5d5372115220bd,0xac778149e383499e7873ffd31148ff379a9029f2bfc77a71ecb65b7598044a69,https://polygonscan.com/tx/0xac778149e383499e7873ffd31148ff379a9029f2bfc77a71ecb65b7598044a69,Success,13924561
-,0x5a3064cbdccf428ae907796cf6ad5a664cd7f3d8,https://polygonscan.com/address/0x5a3064cbdccf428ae907796cf6ad5a664cd7f3d8,0x37d2cac61cc79f0f22a1b8527c5270eb05f5ccb5f61e3149b06342e74abf3366,https://polygonscan.com/tx/0x37d2cac61cc79f0f22a1b8527c5270eb05f5ccb5f61e3149b06342e74abf3366,Success,16209794
-,0x05089c9ebffa4f0aca269e32056b1b36b37ed71b,https://polygonscan.com/address/0x05089c9ebffa4f0aca269e32056b1b36b37ed71b,0x59b4484e44cfe0fc48329c0cc7afec8774f3b460c664232886c2767c116b9fea,https://polygonscan.com/tx/0x59b4484e44cfe0fc48329c0cc7afec8774f3b460c664232886c2767c116b9fea,Success,13635565
-,0x874e178a2f3f3f9d34db862453cd756e7eab0381,https://polygonscan.com/address/0x874e178a2f3f3f9d34db862453cd756e7eab0381,0x301499e37d8bfb374fb9e589f9daa739df67717ef7427adc8fb79299594f334c,https://polygonscan.com/tx/0x301499e37d8bfb374fb9e589f9daa739df67717ef7427adc8fb79299594f334c,Success,14544514
-,0x76e63a3E7Ba1e2E61D3DA86a87479f983dE89a7E,https://polygonscan.com/address/0x76e63a3E7Ba1e2E61D3DA86a87479f983dE89a7E,0x02f87ab0149eb55de703d8ccc4a58e8f785fbbb76ef453e81cf2414a6d9ac2db,https://polygonscan.com/tx/0x02f87ab0149eb55de703d8ccc4a58e8f785fbbb76ef453e81cf2414a6d9ac2db,Success,15500445
-,0xc68e83a305b0fad69e264a1769a0a070f190d2d6,https://polygonscan.com/address/0xc68e83a305b0fad69e264a1769a0a070f190d2d6,0xdce58f01355e4d73b937bd8242b29c470fa6d20cecc72a6897396014ea3e58d3,https://polygonscan.com/tx/0xdce58f01355e4d73b937bd8242b29c470fa6d20cecc72a6897396014ea3e58d3,Success,15790101
-,0xb82a20b4522680951f11c94c54b8800c1c237693,https://polygonscan.com/address/0xb82a20b4522680951f11c94c54b8800c1c237693,0x901280f8d8dc967554f3f209faad9c545121c00e3f9a79ab5650337da195dcad,https://polygonscan.com/tx/0x901280f8d8dc967554f3f209faad9c545121c00e3f9a79ab5650337da195dcad,Success,15978337
-,0x80244c2441779361f35803b8c711c6c8fc6054a3,https://polygonscan.com/address/0x80244c2441779361f35803b8c711c6c8fc6054a3,0xe4a7a1f25ffb4e62b49f9e9b08969686ee30eb6fda4393ca3b3c1095e464f36d,https://polygonscan.com/tx/0xe4a7a1f25ffb4e62b49f9e9b08969686ee30eb6fda4393ca3b3c1095e464f36d,Success,16271157
-,0x8f18dc399594b451eda8c5da02d0563c0b2d0f16,https://polygonscan.com/address/0x8f18dc399594b451eda8c5da02d0563c0b2d0f16,0x9242ca9d7ff1941280c574c1fdb238f40cf6b59a07d5c49b68078a0545e5fe9e,https://polygonscan.com/tx/0x9242ca9d7ff1941280c574c1fdb238f40cf6b59a07d5c49b68078a0545e5fe9e,Success,12605540
-,0xaaa5b9e6c589642f98a1cda99b9d024b8407285a,https://polygonscan.com/address/0xaaa5b9e6c589642f98a1cda99b9d024b8407285a,0x472f6c8f60ee37c01164f97c68caeef370416e6d0b0643d12c000370239e71be,https://polygonscan.com/tx/0x472f6c8f60ee37c01164f97c68caeef370416e6d0b0643d12c000370239e71be,Success,14589807
-,0xd0f3121a190d85de0ab6131f2bcecdbfcfb38891,https://polygonscan.com/address/0xd0f3121a190d85de0ab6131f2bcecdbfcfb38891,0x9e600d5f7224d04d67a9d9a05b1c1b5b0a8cd6c9afa9b3543f6ed11d1a0ee1af,https://polygonscan.com/tx/0x9e600d5f7224d04d67a9d9a05b1c1b5b0a8cd6c9afa9b3543f6ed11d1a0ee1af,Success,15433234
-,0xfdc26cda2d2440d0e83cd1dee8e8be48405806dc,https://polygonscan.com/address/0xfdc26cda2d2440d0e83cd1dee8e8be48405806dc,0x06504712ffa4d01be199455cf1e853d605edbb549587eca6280dfea744579cd9,https://polygonscan.com/tx/0x06504712ffa4d01be199455cf1e853d605edbb549587eca6280dfea744579cd9,Success,9325754
-,0x4a81f8796e0c6ad4877a51c86693b0de8093f2ef,https://polygonscan.com/address/0x4a81f8796e0c6ad4877a51c86693b0de8093f2ef,0x91b6690fe4f3f35c6c5b4e90054d215546389e2e3dd64451a48b5efa02d0b972,https://polygonscan.com/tx/0x91b6690fe4f3f35c6c5b4e90054d215546389e2e3dd64451a48b5efa02d0b972,Success,16737798
-,0xd86b5923f3ad7b585ed81b448170ae026c65ae9a,https://polygonscan.com/address/0xd86b5923f3ad7b585ed81b448170ae026c65ae9a,0xb33cba6a3c104eaa0e22d35b82ef2349f4b236ea2c5f1f8cc2dddc4d86851bfc,https://polygonscan.com/tx/0xb33cba6a3c104eaa0e22d35b82ef2349f4b236ea2c5f1f8cc2dddc4d86851bfc,Success,14589797
-,0xb6f10be9201fb110b3aa275267a234e84ade8e95,https://polygonscan.com/address/0xb6f10be9201fb110b3aa275267a234e84ade8e95,0x6be88488c0e7f79c7b3b2eefd8af2713ff1c29a228236e396c1063d2cd0e94ef,https://polygonscan.com/tx/0x6be88488c0e7f79c7b3b2eefd8af2713ff1c29a228236e396c1063d2cd0e94ef,Success,14188832
-,0x4c16f69302ccb511c5fac682c7626b9ef0dc126a,https://polygonscan.com/address/0x4c16f69302ccb511c5fac682c7626b9ef0dc126a,0x24b197051b793bdf28e97ab1549088e67953e7322042c4ae6ffee35946b8c01d,https://polygonscan.com/tx/0x24b197051b793bdf28e97ab1549088e67953e7322042c4ae6ffee35946b8c01d,Success,16012328
-,0x1132f58810ee9ff13e97aeccd8dda688cc5eb8f4,https://polygonscan.com/address/0x1132f58810ee9ff13e97aeccd8dda688cc5eb8f4,0x1411554cc8aa32ae6eaef1840e17cb85c05b0c25dbae673f5b6568b8e3fda7a0,https://polygonscan.com/tx/0x1411554cc8aa32ae6eaef1840e17cb85c05b0c25dbae673f5b6568b8e3fda7a0,Success,15040424
-,0xc30dd0cce2e683aa68c87c280e73beb3dec9b3ba,https://polygonscan.com/address/0xc30dd0cce2e683aa68c87c280e73beb3dec9b3ba,0xa333cb0cd261ac928b3ad895375d64f645e9e3ebd12b7fe1d18ac45d03032bce,https://polygonscan.com/tx/0xa333cb0cd261ac928b3ad895375d64f645e9e3ebd12b7fe1d18ac45d03032bce,Success,11335342
